Product Name,Price
Mi 4X 108 cm (43) Ultra HD (4K) LED Smart Android TV,"₹24,999"
Vu Premium 126cm (50 inch) Ultra HD (4K) LED Smart Android TV,"₹34,999"
Mi 4X 125.7 cm (50) Ultra HD (4K) LED Smart Android TV,"₹29,999"
Thomson 126cm (50 inch) Ultra HD (4K) LED Smart Android TV,"₹28,999"
Nokia 139cm (55 inch) Ultra HD (4K) LED Smart Android TV  with Sound by JBL,"₹41,999"
iFFALCON by TCL AI Powered K31 138.78cm (55 inch) Ultra HD (4K) LED Smart Android TV  with HDR 10,"₹33,499"
Samsung 108cm (43 inch) Ultra HD (4K) LED Smart TV,"₹36,999"
Kodak 108cm (43 inch) Ultra HD (4K) LED Smart Android TV  with 5000 Plus Apps and Games,"₹23,999"
Samsung 138cm (55 inch) Ultra HD (4K) LED Smart TV  with Voice Search,"₹51,999"
LG 108cm (43 inch) Ultra HD (4K) LED Smart TV,"₹36,499"
Motorola 109cm (43 inch) Ultra HD (4K) LED Smart Android TV  with Wireless Gamepad,"₹29,999"
iFFALCON by TCL 107.9cm (43 inch) Ultra HD (4K) LED Smart Android TV  with HandsFree Voice Search,"₹26,999"
Thomson 139cm (55 inch) Ultra HD (4K) LED Smart Android TV,"₹32,999"
iFFALCON by TCL AI Powered K31 108cm (43 inch) Ultra HD (4K) LED Smart Android TV  with HDR 10,"₹23,999"
iFFALCON by TCL 138.6cm (55 inch) Ultra HD (4K) LED Smart Android TV  with HandsFree Voice Search,"₹38,899"
Samsung 125cm (50 inch) Ultra HD (4K) LED Smart TV,"₹46,999"
iFFALCON by TCL AI Powered K31 125.73cm (50 inch) Ultra HD (4K) LED Smart Android TV  with HDR 10,"₹28,499"
Thomson 108cm (43 inch) Ultra HD (4K) LED Smart Android TV,"₹24,999"
Compaq 138cm (55 inch) Ultra HD (4K) QLED Smart Android TV,"₹59,999"
Motorola 139cm (55 inch) Ultra HD (4K) LED Smart Android TV  with Wireless Gamepad,"₹39,999"
Motorola 127cm (50 inch) Ultra HD (4K) LED Smart Android TV  with Wireless Gamepad,"₹34,999"
Thomson UD9 124cm (50 inch) Ultra HD (4K) LED Smart TV,"₹25,999"
Sony Bravia X7002G 108cm (43 inch) Ultra HD (4K) LED Smart TV,"₹46,999"
Thomson UD9 108cm (43 inch) Ultra HD (4K) LED Smart TV,"₹21,999"
